A2A3CD3DEZC31J,0
A23W9B4GBA622F,1
A1I4YAA9N1VVU7,2
ANJ1O3BY9XXW6,3
A24EZZMQFVWLYZ,4
APJU16D7JTY29,5
A390KZKOKI3W0P,6
A2LUL6PRTXE7SE,7
A28WGVF8FLKRP,8
A3PEE73D0Q1UYX,9
A1KKHRO1BJYLWG,10
A7LRGS80JWSK2,11
A33PHZK02NQS4X,12
A1OWQSNSWPVPE1,13
AI4JWVX2MXKL6,14
A3QDU9H395QQPZ,15
A2UB5XHZUUM2CW,16
AF5F5657AFPSM,17
A1DJXTJWCD7JHV,18
A2N9CIXRV5BBKM,19
A3M1PB13ZBJ3E3,20
A2BZKMVWBQ2VLE,21
A1PSSRHNH57WPS,22
A3CA2RTFXDMC2V,23
A2COY6W95JWBJC,24
A21MXVR2S65XC5,25
A2AK0IAE5F4JD8,26
A16QV387DVSWG8,27
AWX9R6FGDHITA,28
AU2CMDOISXQX0,29
A18DHUYFRVFOKD,30
A1V9FI1HLZ60HM,31
A3OMMHL1QH9QWM,32
AX8X4TQGTOQ5O,33
A9RQYHC8ZQKEV,34
A1O8QC5U9LNBSL,35
A3APD7YBC7DYHI,36
A2RPPG5T4Z1GOA,37
AI3SY08KPL4UH,38
A2ODHKD629GRWA,39
A2ACG8LHLPXZ8W,40
A1PEIE0Z3WDEW2,41
AD7AGXXK41WMZ,42
A3QJ1XASI914QW,43
AGHYAH12ZKREW,44
A1W8DBKWYVG803,45
A2JAEZ0FMAMJVW,46
A1LBB6NJO9WZEZ,47
A2198FZZMTJ38H,48
A12X2J7AVZ04IQ,49
A121RB5X3H35NK,50
A13HUHXEQPX3YI,51
A11JU33HMT5XPU,52
A1IB53PD9QKM45,53
A3F5QY6SAE6R5M,54
ADA3ZPGW3M9PE,55
AJQFCEOBES7SB,56
A28GA7YXHGJ7ES,57
A1VLZTJ7C7L732,58
A1H7Y5XKPGT0OS,59
A3RQFF4PAAN5W7,60
A27VMEB55OY9LS,61
A3FM193TJO9ST4,62
A33VYK55SK5B4S,63
A1W7UTXFQEXD14,64
A22O3TCJX41M7C,65
A3R2V2EWE2D35R,66
A5II29J0V20A1,67
A39CX0EE4BZCZC,68
A19PROR0XS84PF,69
A29E0Q47E8CPPO,70
AOZHWRP1QCNDU,71
A39KCZI1A2ZV51,72
A1LIYCSF2MDWFB,73
A7H5R4AIXYVRX,74
A173EU0Q8NE2MR,75
A13LU15OCKJXM7,76
A17EN3U7FW6CDP,77
A23TW6N8Q34XBK,78
A2ZTJHAU4WC4W6,79
AICZ0U5V9A4Z8,80
A2MFJ6C67AL015,81
A1G3NAOGV8BFB7,82
A2TD13LRUGU46X,83
A28B47KE7UJDZH,84
A1SCTVPIUSKQ8U,85
AXJKJ25011XKA,86
A1RSDE90N6RSZF,87
A17AHTCKJ4SUT0,88
AJQDIT55SZ3ZX,89
A1FHCRVWLXK074,90
A29G3T6ZZY26TL,91
A1QACZKERDY6UI,92
A2SRLNEJFY0KH3,93
A2V2NB4DJ0V9DC,94
AYYEKLSAZ07Y1,95
A2MHCZISNWHQFR,96
A1DHS438SONCSE,97
A3W13VVBRY5GL7,98
A8O4QY2TFCZ06,99
A3VKLBHDXSJADC,100
A102TDXDE33OLK,101
A2BAAKZHSUGCDP,102
A33A7PHDZ7WZCA,103
AITOR5F1VSDB8,104
A2V3M6G0BBYKF3,105
AD5ZI4ZZNYOUK,106
A2LCZFASIMAJFJ,107
ACJTUFZEUCCBL,108
A2VSNUK7YLRKRE,109
A3T35QB7S2EBL3,110
A2AYYCY8QWP27O,111
A13WA3SCM778LO,112
A2ILUKCAO3J4DZ,113
A1I8WRF2Y4D8ZL,114
ACNON4BZACUUL,115
A3OIC7GUFY941R,116
A2F0TX3RQFCE1S,117
A3H2ESFSAWTHDD,118
A1UEKEQYZ7JN86,119
A2XKRTDDV4JCRN,120
A1Z2W2Q1HC1T4E,121
A1MT48Y2XXHPIV,122
A1D72Z1ULF2XIS,123
A3QWQJFF8C0YCR,124
A3SHAOQ7FI3JLN,125
A23SRJJC7XQTVR,126
A35VRMDEI6LY2M,127
A2FPPEW5XIWJCF,128
A3P21LR2LPGCRX,129
A2C2NB5XK7PO98,130
AP4983OEDHIS6,131
A3O5UR6NHR4MRP,132
A2Q2DH3Z7CBAS9,133
A21K28EQ023UUU,134
A386NVAVQV5WUO,135
A10JEEMDMP5PWU,136
AY7YYWJWTIKKC,137
A1X8AZTUYEXSXD,138
AAZTMLVDQUHZK,139
A1B69PEYYIKQN2,140
A3DWRRR6T99JHZ,141
ARHK2BI3TLRNB,142
A14VZPINY2ULRS,143
ATE8D9ZI5HPPL,144
A1JY32VVKRTGQZ,145
ATRIJQSF0I8PZ,146
AXAPUWQ88CFAA,147
A189VV6P4IZJXI,148
A1YSF7C8LM8A7E,149
AUGQPAQSODFZS,150
A2PAD826IH1HFE,151
A3A1YNXKCF0LW0,152
A2V4MGPIBW4M8V,153
A1QQ86H5M2LVW2,154
A3E2X26RAH8NI0,155
A3VAIOQYNE486D,156
ANND2PS6GBFJ5,157
A3T8QNAEQ4SW7R,158
A3NRHO869902K4,159
A3T3375L0KRRD9,160
A1RE4GU6S5ZF52,161
A26H1GBOZ5AOTU,162
A32QYNGHZZHC3T,163
APL7CJTT1X7AL,164
A10FU1KTEZZ1DN,165
A3K1LTU7OZAP3Q,166
AMYYH6GFIR1O6,167
A2LWT9T68J9G7N,168
A3AFNUPOSK2QGV,169
ALEL476C8W4AD,170
A3W4GJR5CCADBX,171
A3RRPAUD188REK,172
A2IMQG6JCK6PN3,173
AQ8H1PGMMM0MJ,174
A8F1ANYMX4H3,175
A3IAPQIR0SNRDF,176
AFLEXX99UBFVB,177
A3PFRU0567VSF0,178
A29CKNGVO8KEVI,179
A19QMWXXUUTA9I,180
A3D335UJS53MJ9,181
A1PCQHQ6NPGL9F,182
A2QV0ZWWOLR52R,183
A1FI9Y1OX5K5PE,184
A1DOPIRADK8WFM,185
A29G02FR0R1D3J,186
A39GW5CBWTIWAZ,187
A1J5NWTPHR3XI3,188
A327DWXG4OY559,189
A1O3PKMZLBRUQN,190
A2FBIF1FKBC193,191
A3DOCWNJH2NLA5,192
A2KTHPGHWB8BUU,193
A7RN2QAWK3JET,194
A1GI104SYMOLH0,195
AVZUVRF7MFS24,196
A2D1EYHCXOFWST,197
A3BVT8GILH21OT,198
A14LV2SJSR3102,199
A2A9J57S5QZQ87,200
A3A6ML6IDYFQLA,201
A3819G33OMA7Y7,202
AFBWP9XV7AKA6,203
A3JHIX76IRVT6L,204
A1NG2T7MON79T0,205
A2SUHM2WCEIT89,206
A11A9AVEM5EVU4,207
AWDEKRPZVRTHY,208
AVV9G86URE4Y4,209
A3D1E52FI8EZLG,210
A30X9M0J5WOVAS,211
AY3BL2HRKMIZA,212
A2X6GEC6LCDN4S,213
A25FL6VLD7S23S,214
A33D2OI09RQR45,215
A3IKGWB14JZY3K,216
A23E0RDGU1TUWO,217
AQ55H30MZSV0Q,218
AGXBY8EKIOIFE,219
A28YE81E63ZOZT,220
A1Y3TS2V8FG7PZ,221
A3UCH2BQIOAJUF,222
A1L8HFIWEMQGYB,223
A34U20SROL93FG,224
AWQFNUAQ8TUTC,225
A1WEMLIY5TPVCM,226
A2Y2CG6W8S3WG3,227
A1GIDRG2JI47SF,228
AFZWW0HKUQEH9,229
A1B23VWWA7PL6A,230
AKTMH3JGGWHI4,231
A3FR4QXW7JF15E,232
A320NYVVIZSZGY,233
A31Z9R7Q1FGLKO,234
A2A49TH4AK70NK,235
A31EZZ14E0IIME,236
A3Q6LH3YX5H41P,237
ALI1IDYX89GVJ,238
AX3T5TI76TOJ1,239
A32V52IMVL6JLN,240
A220TILX8JEECI,241
ACTYP447JCDX0,242
A26WSXZQF08LQO,243
A2ZDBOE1KHVHRA,244
A26EQMS9QBGRUX,245
A2VMJNWGD3GIST,246
A2J6UBWWQQYJ4B,247
A3ILJMKARBP88G,248
A1DD15RXIXWENM,249
APDPA11IZPYLN,250
A1BATHNY2QAZI2,251
A1HACP80YXJRPP,252
A33YRXASUBYXC,253
A2V7EO331SFUF6,254
A35B1IURYB9EVM,255
A395RAGWIW4G6S,256
A2Y9BUNX1CGJWY,257
AFOE4LTYQ1ZBT,258
A2XT5OR3AR1PU2,259
A22RN8UZXNHTLK,260
AVLZ146J0RP7E,261
A2YH3YTPSCAWF9,262
A12DR29EPNIGGG,263
A97TPJ9G1R72I,264
A24GLNOGCWICTP,265
AVF14HRRDC8ZZ,266
A256F7E787F5SG,267
ACG7I486CFD42,268
ADEU93EHTFYMI,269
A25AIDHKYTECS1,270
A1UNFXDJPX4K8G,271
A18NDYXC0KXSRL,272
ARLKYF9JL3QKB,273
A1FXEHWJN2TU3M,274
A1P27HWO9FPZC7,275
A3ITBTVOG3POYJ,276
AEQJ2SXV9LKA7,277
A2F2HASXLTX9ER,278
A1NLD7JAQBLEML,279
A3DM8V8EV0U8T8,280
A2KJYCCLAE8Q14,281
AOHNLSWSOLK8N,282
A20EMI1NLORE7T,283
A1Q329PGKOGLDD,284
A38RI1WDYLTURE,285
APBB297H3ZA5E,286
A1TQ3HR2BTZNW9,287
AUZTQ8SBUEW7O,288
AYW3H5NJ56EYW,289
A1XAXFLET6GL1D,290
A1J33GM8MENFBE,291
A1RN25HIK8X4YY,292
A3S0IVFM83ZSE7,293
A6JVG52LCS8MY,294
A14U40MX3CPO8Q,295
AEY2513DA7DCT,296
AUXSK4ROV9ILU,297
A2F0IUNCUBKAAG,298
A3MPV6UPZ3LLAM,299
ACP4PO8I4YLB4,300
ACTEAPEPGDV8G,301
A1JA5N2M4GEE9Z,302
AN92S28RV1FQ4,303
AGC5W4N4ID8TM,304
A2VDN6OJOIY74W,305
A1ZISRIFWYMR8,306
A1DHHN3QOPPQ44,307
A14XSDTJ3CNOD7,308
A212C9LINYTCK9,309
A25I3BLDBNH5SJ,310
A2IVVR7QXDCBGJ,311
A9BB0M4AAYIR0,312
A2QK0CLGM4Q0R3,313
AOVJYIUATQKR5,314
A2Z619BHNRUIZH,315
A1H1K1D6OAUDFS,316
A3IJ0KQUH7V9ZQ,317
A1XLPOHB0QCPOT,318
A2HSE6PMI3C4Y7,319
A391Z7KYQKM7EI,320
A2XU1D1LGESO3B,321
A2GVHAGNCD32PV,322
A8TM0MI3D9T29,323
A2BOGGGV2NQYEY,324
AKZUEGC4SCS5G,325
AN6DZODDO41G9,326
AE2ZADTV8Y0YY,327
A34SUQNUOJUCOE,328
A115A6OQBJFVVS,329
AK5PXHJI808E6,330
A3SNSBYN5T67RM,331
ACHFDFJX4SKGB,332
AQ73XG9JKRRXW,333
AEKWRBJ9GGHFV,334
AANG87SKNL3T7,335
A1T9MILRRZ00F8,336
AZAC8O310IK4E,337
A24AIUX3YMK3WT,338
A2BES4CAPLGTQZ,339
AU7OPKIHU15WX,340
A1XYE1JGSL6S2J,341
A19ZKO7I1RKY2Q,342
AFTEDMW813PAW,343
A2YMGFA3W6YPCM,344
A3R2YB0WTTB0IJ,345
AAZ9P7NIOBWQ4,346
A3CN44E6190GHH,347
A3AZLT5NTYCATQ,348
A29H14P4DNOQBU,349
A36YUU7SYVXWMS,350
A1L838EPH2A9R0,351
A1JGZ27E0B50IT,352
A2B6VI9MQI0WKI,353
A1V2CR670P3D12,354
A3SMW0R69R3TR0,355
A1MQQEM7W77L62,356
AEZP6EG5HIZ3L,357
A37E6RW5BUX4U0,358
A3L7OK2P4SYIE6,359
A3BAOIC7JMCY6R,360
A4RWFHW5N4XDK,361
AFJ27ZV9183B8,362
AGBNZH8PJF2UY,363
A3M87MJG56HSV2,364
A2DF325SNSGH2R,365
A3FT63CTBPHUJN,366
A2GM9GNP2G8HO1,367
A4902TQB4NGRJ,368
AYBMAXV80TG12,369
A2UJBVR563E39E,370
A3TQ5JTRNIFSOE,371
A2X4F3CSN0V10D,372
A1E28DQ8UZQFSJ,373
A1WJFFMSIBT9MS,374
AJS1AFWEXYTP7,375
A1JXE27STRRE0H,376
A1RI3KO97B1QK5,377
A3THSGE4JMQRJC,378
AKOMJ3GZ1RQ6V,379
A302G06U4HSEJQ,380
A2J7UBOEIER8NN,381
A29CEISNGT7FV4,382
A22THO6SVDBCYX,383
AU1XUQ5DPUKWV,384
A2IC3NZN488KWK,385
AR7FOKF5B9ZOM,386
A2ZPEM21NNQNW1,387
A220D0V9UNF63D,388
A1WOMXOEX90ARI,389
A2CBJQJ4V1FOCG,390
A2Z2ZCEBXPGY1Q,391
A3IXN7GF26GN9N,392
AQ0XWDRA7X6C2,393
AU8WF9C3T4CT6,394
A3V1A3C9DTLPME,395
AJ9FC1GZOTA1O,396
A1QKUWSE1AWLL6,397
AYTGG6XTVUG7G,398
A10U0HQV17P2EN,399
A3EE0H0NWQ9QVL,400
ADE9OU2OLWS3N,401
A1W5U6443BKM84,402
A373LY69LKT8CA,403
A5S4RHS0EQTUI,404
A2054WA3Z1439K,405
A2A1NGUGKPH5B0,406
A2UW9WI22QKMZE,407
A2GJFQ566ZK6C7,408
A29Q1SCC4OCO67,409
A3V6WZYQ3J9RCI,410
A2LKE0SEQBP6PD,411
A1ED0F1G95Q08L,412
A3FVFJ8D95E9KY,413
AQE41QO3NEUMW,414
A3P2I4A7VSVULK,415
A1UKF4Z5ZHR751,416
AKQWQZVGBC59G,417
A2IU2BSVWQLKJ7,418
A232WS6K224SXS,419
A1ZBEF9USHP7F1,420
A8T93X5EEIFL,421
A17GMVWZ29KJIO,422
A1VE539RO5061D,423
A1BFP7FT8O803B,424
AF74UAKV3Q3W0,425
A2PBKFCD7YI23H,426
A3LLZBNZ30S2ZN,427
A2BF5BKY80MKMU,428
A2CSP7YMA58A6N,429
AUIO6F6Y8IAHK,430
A1MXBIEWRRW9P2,431
A2D6SMKFCTEFEK,432
A34IBXM7E8CPWE,433
A2MG58QRZ29EUR,434
A41V2AQQCK8SG,435
A3CTD32536ABTX,436
A1P7RJTXVN77WY,437
A2YJ9DT9YZ0DUN,438
A38DCVO9SZHW68,439
A1CB2G3C44B0NE,440
A95GW59H0IMUK,441
A161ANWB62G3M8,442
A2OOHBU7NEUYDV,443
A3INO9AP056ITK,444
A1MZZ88T6JRXCV,445
AX60ODW0MDT44,446
A3MY0WAP1OB7F8,447
A2OTRO1WE5GMT0,448
A2ISQIANG7N3SB,449
A16Y8Q45WL96E6,450
AARJLW29JSF31,451
A1SR2RTCWMIRL4,452
A1OUL0D9AGHPDY,453
A1NHAL9A6RWQ62,454
A2VLXR5YPACNP6,455
A3PKPBW8Z3KPNB,456
A3UP4AV1A8Y6XH,457
A2LO1S3YNZJ4Y6,458
A3S7P1L6IVSTZU,459
A1NENSKMB3SU7S,460
A2VIYTWXANL343,461
A39FVIFY9WP0Z7,462
AT362HT1GZ78T,463
A5VFYKC0Q58HK,464
A1HIZ3HEHFKM5C,465
A1W2IFBUNQKO7A,466
AZN1M6C87366Z,467
AX9GZWPY2ZMVX,468
A2R8WUL3YZ86JH,469
A3Q7LVUP45XLUZ,470
A39Q1JW58N1Z5,471
A2337ZUNGE90FH,472
A3USJMX3OT2G4I,473
A3C80FQHIGOHSL,474
A3RO2KO4IGMII1,475
A2M6ZPZ83ZNUZB,476
A2853JP2IWV9EQ,477
A1XX7ZG1DI7E39,478
A1GO4XCVT08JPH,479
AK832PBOHNHG2,480
AGOTLW0YFPWSW,481
A13QTZXOSEGJD8,482
A1166A0O8IOFQ4,483
A31T9O4SRD94PJ,484
A1EU794R33S2OS,485
A3NTBHD88M1PIQ,486
A3AOLX1WKR9ZGK,487
A3PXQW7JEG2S94,488
A3FKRZ9TAO79UH,489
A1TMAVN4CEM8U8,490
A1Y75ZO1L4NKBX,491
A1S56SI3OWM6JJ,492
A3KT5LA620QTKD,493
A33809HAEV6KM2,494
A3QL3J8X8AKD1K,495
A2Y6TLLOLDWK5F,496
ASBIJQ62K43XJ,497
A16FC6812CWJ29,498
A2BLFCOPSMBOZ9,499
